{
  "imu": {
    "mean": [
      -0.000375894655007869,
      0.0033677478786557913,
      1.9113154849037528e-05,
      0.22143347561359406,
      -3.26802134513855,
      3.8373963832855225,
      -0.08392588794231415,
      10.024906158447266
    ],
    "std": [
      0.24816834926605225,
      0.12786220014095306,
      0.34368830919265747,
      0.45382994413375854,
      6.456702709197998,
      11.490229606628418,
      5.83013916015625,
      12.195616722106934
    ]
  },
  "tof": {
    "mean": [
      458.4845275878906,
      591.3235473632812
    ],
    "std": [
      339.6680908203125,
      1059.436279296875
    ]
  },
  "_meta": {
    "c_imu": 8,
    "c_tof": 2,
    "T_IMU": 800,
    "T_TOF": 80,
    "note": "imu channels in order: accel_xyz[0..2] (baseline-subtracted g), accel_mag (g), gyro_xyz[0..2] (raw deg/s), gyro_mag (deg/s); tof channels: [tof_range_mm, tof_sr]"
  }
}