{
  "imu": {
    "mean": [
      0.216927170753479
    ],
    "std": [
      0.4341047406196594
    ]
  },
  "tof": {
    "mean": [
      594.503173828125,
      501.7643737792969
    ],
    "std": [
      485.43450927734375,
      948.031005859375
    ]
  },
  "_meta": {
    "c_imu": 1,
    "c_tof": 2,
    "T_IMU": 400,
    "T_TOF": 80,
    "note": "imu channels in order: accel_xyz[0..2] (baseline-subtracted g), accel_mag (g), gyro_xyz[0..2] (raw deg/s), gyro_mag (deg/s); tof channels: [tof_range_mm, tof_sr]"
  }
}